round,n_clients,mean_test_acc
0,53,0.5330188679245281
25,53,0.540566037735849
50,53,0.5523584905660377
75,53,0.5547169811320755
100,53,0.5764150943396227
125,53,0.5783018867924528
150,53,0.5773584905660377
