{
  "1": [
    0.33249999999999996,
    0.3333333333333333,
    0.33416666666666667
  ],
  "2": [
    0.3333333333333333,
    0.3333333333333333,
    0.3333333333333333
  ],
  "3": [
    0.3333333333333333,
    0.3333333333333333,
    0.3333333333333333
  ],
  "4": [
    0.3333333333333333,
    0.3333333333333333,
    0.3333333333333333
  ],
  "5": [
    0.3333333333333333,
    0.3333333333333333,
    0.3333333333333333
  ],
  "6": [
    0.33132275132275135,
    0.3343386243386244,
    0.3343386243386244
  ],
  "7": [
    0.33263736263736265,
    0.33263736263736265,
    0.33472527472527475
  ],
  "8": [
    0.33387931034482754,
    0.33387931034482754,
    0.33224137931034486
  ],
  "9": [
    0.3331141868512111,
    0.3324567474048443,
    0.33442906574394465
  ],
  "10": [
    0.33147058823529413,
    0.3342647058823529,
    0.3342647058823529
  ],
  "11": [
    0.33175,
    0.3365,
    0.33175
  ],
  "12": [
    0.3339252336448598,
    0.3339252336448598,
    0.33214953271028036
  ],
  "13": [
    0.3327678571428571,
    0.3327678571428571,
    0.3344642857142857
  ],
  "14": [
    0.33333333333333337,
    0.3325609756097561,
    0.3341056910569106
  ],
  "15": [
    0.3337857142857143,
    0.3344642857142857,
    0.33174999999999993
  ],
  "16": [
    0.3342380952380952,
    0.3306190476190476,
    0.3351428571428572
  ],
  "17": [
    0.3335494880546075,
    0.3322525597269625,
    0.33419795221843007
  ],
  "18": [
    0.3329946524064171,
    0.3329946524064171,
    0.3340106951871658
  ],
  "19": [
    0.33258823529411774,
    0.33035294117647057,
    0.3370588235294118
  ],
  "20": [
    0.33265957446808514,
    0.33367021276595743,
    0.33367021276595743
  ],
  "21": [
    0.3336160714285714,
    0.3344642857142857,
    0.3319196428571428
  ],
  "22": [
    0.3333333333333333,
    0.3333333333333333,
    0.3333333333333333
  ],
  "23": [
    0.335,
    0.335,
    0.33
  ],
  "24": [
    0.3325391849529781,
    0.33492163009404385,
    0.3325391849529781
  ],
  "25": [
    0.333936507936508,
    0.3315238095238095,
    0.33453968253968264
  ],
  "26": [
    0.3333333333333333,
    0.3325882352941177,
    0.334078431372549
  ],
  "27": [
    0.33177914110429446,
    0.3364417177914111,
    0.33177914110429446
  ],
  "28": [
    0.33147058823529413,
    0.3333333333333333,
    0.3351960784313725
  ],
  "29": [
    0.3325161290322581,
    0.333741935483871,
    0.333741935483871
  ],
  "30": [
    0.3333333333333333,
    0.3326373626373626,
    0.33402930402930403
  ],
  "31": [
    0.3337125748502994,
    0.3337125748502994,
    0.3325748502994012
  ],
  "32": [
    0.3333333333333333,
    0.3333333333333333,
    0.3333333333333333
  ],
  "33": [
    0.3355172413793103,
    0.3322413793103448,
    0.3322413793103448
  ],
  "34": [
    0.33434504792332265,
    0.3337380191693291,
    0.33191693290734825
  ],
  "35": [
    0.3325882352941177,
    0.3333333333333333,
    0.334078431372549
  ],
  "36": [
    0.3340449438202247,
    0.3319101123595506,
    0.3340449438202247
  ],
  "37": [
    0.3345396825396826,
    0.3327301587301587,
    0.3327301587301587
  ],
  "38": [
    0.33284615384615385,
    0.33357692307692305,
    0.33357692307692305
  ],
  "39": [
    0.3338524590163935,
    0.33229508196721314,
    0.3338524590163935
  ],
  "40": [
    0.3327966101694915,
    0.33333333333333337,
    0.3338700564971752
  ],
  "41": [
    0.33371951219512197,
    0.33140243902439026,
    0.3348780487804878
  ],
  "42": [
    0.3331290322580645,
    0.33435483870967747,
    0.3325161290322581
  ],
  "43": [
    0.3333333333333333,
    0.3333333333333333,
    0.3333333333333333
  ],
  "44": [
    0.3348310810810811,
    0.3335472972972973,
    0.3316216216216216
  ],
  "45": [
    0.335045045045045,
    0.335045045045045,
    0.3299099099099099
  ],
  "46": [
    0.33262569832402233,
    0.33368715083798883,
    0.33368715083798883
  ],
  "47": [
    0.33363207547169815,
    0.33363207547169815,
    0.33273584905660375
  ],
  "48": [
    0.3333333333333333,
    0.33634920634920634,
    0.3303174603174603
  ],
  "49": [
    0.3320975609756098,
    0.3348780487804878,
    0.33302439024390246
  ],
  "50": [
    0.3330373831775701,
    0.33214953271028036,
    0.33481308411214955
  ],
  "51": [
    0.33107142857142857,
    0.33616071428571426,
    0.3327678571428571
  ],
  "52": [
    0.33537634408602146,
    0.33197132616487457,
    0.33265232974910397
  ],
  "53": [
    0.33374592833876215,
    0.3318892508143323,
    0.3343648208469055
  ]
}