{
  "1": [
    0.331825,
    0.3333333333333333,
    0.3348416666666667
  ],
  "2": [
    0.3333333333333333,
    0.3333333333333333,
    0.3333333333333333
  ],
  "3": [
    0.3333333333333333,
    0.3333333333333333,
    0.3333333333333333
  ],
  "4": [
    0.3333333333333333,
    0.3333333333333333,
    0.3333333333333333
  ],
  "5": [
    0.3333333333333333,
    0.3333333333333333,
    0.3333333333333333
  ],
  "6": [
    0.32969417989417993,
    0.3351529100529101,
    0.3351529100529101
  ],
  "7": [
    0.3320736263736264,
    0.3320736263736264,
    0.3358527472527472
  ],
  "8": [
    0.3343215517241379,
    0.3343215517241379,
    0.33135689655172423
  ],
  "9": [
    0.332936678200692,
    0.3317467128027682,
    0.3353166089965398
  ],
  "10": [
    0.3299617647058824,
    0.33501911764705883,
    0.33501911764705883
  ],
  "11": [
    0.33046749999999997,
    0.339065,
    0.33046749999999997
  ],
  "12": [
    0.3344046728971963,
    0.3344046728971963,
    0.33119065420560745
  ],
  "13": [
    0.3323098214285714,
    0.3323098214285714,
    0.33538035714285713
  ],
  "14": [
    0.33333333333333337,
    0.3319353658536585,
    0.3347313008130082
  ],
  "15": [
    0.33415214285714295,
    0.3353803571428572,
    0.3304674999999999
  ],
  "16": [
    0.3349709523809523,
    0.32842047619047615,
    0.33660857142857153
  ],
  "17": [
    0.33372457337883954,
    0.33137713310580214,
    0.3348982935153584
  ],
  "18": [
    0.332720320855615,
    0.332720320855615,
    0.3345593582887701
  ],
  "19": [
    0.33198470588235307,
    0.3279388235294117,
    0.3400764705882353
  ],
  "20": [
    0.33211382978723414,
    0.33394308510638293,
    0.33394308510638293
  ],
  "21": [
    0.33384508928571427,
    0.33538035714285713,
    0.33077455357142854
  ],
  "22": [
    0.3333333333333333,
    0.3333333333333333,
    0.3333333333333333
  ],
  "23": [
    0.33635000000000004,
    0.33635000000000004,
    0.32730000000000004
  ],
  "24": [
    0.3318959247648903,
    0.33620815047021935,
    0.3318959247648903
  ],
  "25": [
    0.3344250793650794,
    0.33005809523809515,
    0.33551682539682554
  ],
  "26": [
    0.3333333333333333,
    0.331984705882353,
    0.33468196078431367
  ],
  "27": [
    0.330520245398773,
    0.338959509202454,
    0.330520245398773
  ],
  "28": [
    0.3299617647058824,
    0.33333333333333337,
    0.33670490196078434
  ],
  "29": [
    0.3318541935483871,
    0.3340729032258065,
    0.3340729032258065
  ],
  "30": [
    0.33333333333333337,
    0.3320736263736264,
    0.3345930402930403
  ],
  "31": [
    0.3340197604790419,
    0.3340197604790419,
    0.3319604790419161
  ],
  "32": [
    0.3333333333333333,
    0.3333333333333333,
    0.3333333333333333
  ],
  "33": [
    0.33728620689655175,
    0.3313568965517242,
    0.3313568965517242
  ],
  "34": [
    0.33516453674121405,
    0.33406581469648566,
    0.3307696485623003
  ],
  "35": [
    0.331984705882353,
    0.3333333333333333,
    0.33468196078431367
  ],
  "36": [
    0.3346213483146067,
    0.33075730337078657,
    0.3346213483146067
  ],
  "37": [
    0.3355168253968255,
    0.33224158730158726,
    0.33224158730158726
  ],
  "38": [
    0.3324515384615385,
    0.33377423076923074,
    0.33377423076923074
  ],
  "39": [
    0.3342729508196722,
    0.33145409836065576,
    0.3342729508196722
  ],
  "40": [
    0.3323618644067797,
    0.33333333333333337,
    0.33430480225988707
  ],
  "41": [
    0.3340323170731707,
    0.3298384146341463,
    0.3361292682926829
  ],
  "42": [
    0.33296354838709674,
    0.3351822580645162,
    0.3318541935483871
  ],
  "43": [
    0.3333333333333333,
    0.3333333333333333,
    0.3333333333333333
  ],
  "44": [
    0.3360442567567568,
    0.33372060810810816,
    0.33023513513513514
  ],
  "45": [
    0.3364315315315315,
    0.3364315315315315,
    0.32713693693693696
  ],
  "46": [
    0.33205251396648044,
    0.33397374301675986,
    0.33397374301675986
  ],
  "47": [
    0.3338740566037736,
    0.3338740566037736,
    0.33225188679245277
  ],
  "48": [
    0.3333333333333333,
    0.3387920634920635,
    0.32787460317460315
  ],
  "49": [
    0.3310965853658537,
    0.33612926829268297,
    0.33277414634146346
  ],
  "50": [
    0.3327976635514019,
    0.3311906542056075,
    0.3360116822429907
  ],
  "51": [
    0.32923928571428573,
    0.3384508928571428,
    0.3323098214285714
  ],
  "52": [
    0.3370311827956989,
    0.33086810035842296,
    0.33210071684587816
  ],
  "53": [
    0.3340801302931595,
    0.33071954397394143,
    0.335200325732899
  ]
}