{
  "1": [
    0.3321447368421052,
    0.3333333333333333,
    0.3345219298245614
  ],
  "2": [
    0.3333333333333333,
    0.3333333333333333,
    0.3333333333333333
  ],
  "3": [
    0.3333333333333333,
    0.3333333333333333,
    0.3333333333333333
  ],
  "4": [
    0.3333333333333333,
    0.3333333333333333,
    0.3333333333333333
  ],
  "5": [
    0.3333333333333333,
    0.3333333333333333,
    0.3333333333333333
  ],
  "6": [
    0.33046560846560846,
    0.33476719576719577,
    0.33476719576719577
  ],
  "7": [
    0.3323406593406594,
    0.3323406593406594,
    0.3353186813186813
  ],
  "8": [
    0.3341120689655172,
    0.3341120689655172,
    0.3317758620689656
  ],
  "9": [
    0.3330207612456747,
    0.33208304498269897,
    0.33489619377162627
  ],
  "10": [
    0.3306764705882353,
    0.3346617647058823,
    0.3346617647058823
  ],
  "11": [
    0.33107499999999995,
    0.33785,
    0.33107499999999995
  ],
  "12": [
    0.334177570093458,
    0.334177570093458,
    0.3316448598130841
  ],
  "13": [
    0.3325267857142857,
    0.3325267857142857,
    0.3349464285714286
  ],
  "14": [
    0.33333333333333337,
    0.3322317073170732,
    0.33443495934959355
  ],
  "15": [
    0.3339785714285715,
    0.33494642857142864,
    0.33107499999999995
  ],
  "16": [
    0.3346238095238095,
    0.32946190476190473,
    0.3359142857142858
  ],
  "17": [
    0.33364163822525594,
    0.3317918088737202,
    0.3345665529010239
  ],
  "18": [
    0.33285026737967915,
    0.33285026737967915,
    0.33429946524064175
  ],
  "19": [
    0.3322705882352942,
    0.32908235294117644,
    0.3386470588235294
  ],
  "20": [
    0.332372340425532,
    0.333813829787234,
    0.333813829787234
  ],
  "21": [
    0.33373660714285713,
    0.3349464285714286,
    0.3313169642857143
  ],
  "22": [
    0.3333333333333333,
    0.3333333333333333,
    0.3333333333333333
  ],
  "23": [
    0.3357105263157895,
    0.3357105263157895,
    0.3285789473684211
  ],
  "24": [
    0.3322006269592477,
    0.33559874608150464,
    0.3322006269592477
  ],
  "25": [
    0.3341936507936508,
    0.3307523809523809,
    0.3350539682539684
  ],
  "26": [
    0.3333333333333333,
    0.33227058823529415,
    0.33439607843137253
  ],
  "27": [
    0.3311165644171779,
    0.3377668711656442,
    0.3311165644171779
  ],
  "28": [
    0.3306764705882353,
    0.3333333333333333,
    0.33599019607843134
  ],
  "29": [
    0.3321677419354839,
    0.3339161290322581,
    0.3339161290322581
  ],
  "30": [
    0.3333333333333333,
    0.3323406593406593,
    0.3343260073260073
  ],
  "31": [
    0.333874251497006,
    0.333874251497006,
    0.332251497005988
  ],
  "32": [
    0.3333333333333333,
    0.3333333333333333,
    0.3333333333333333
  ],
  "33": [
    0.336448275862069,
    0.33177586206896553,
    0.33177586206896553
  ],
  "34": [
    0.33477635782747606,
    0.33391054313099044,
    0.33131309904153355
  ],
  "35": [
    0.33227058823529415,
    0.3333333333333333,
    0.33439607843137253
  ],
  "36": [
    0.3343483146067416,
    0.33130337078651695,
    0.3343483146067416
  ],
  "37": [
    0.3350539682539683,
    0.33247301587301586,
    0.33247301587301586
  ],
  "38": [
    0.3326384615384616,
    0.3336807692307692,
    0.3336807692307692
  ],
  "39": [
    0.3340737704918033,
    0.33185245901639343,
    0.3340737704918033
  ],
  "40": [
    0.33256779661016944,
    0.3333333333333333,
    0.3340988700564972
  ],
  "41": [
    0.3338841463414634,
    0.3305792682926829,
    0.3355365853658537
  ],
  "42": [
    0.33304193548387095,
    0.3347903225806452,
    0.3321677419354839
  ],
  "43": [
    0.3333333333333333,
    0.3333333333333333,
    0.3333333333333333
  ],
  "44": [
    0.33546959459459463,
    0.33363851351351353,
    0.3308918918918919
  ],
  "45": [
    0.33577477477477474,
    0.33577477477477474,
    0.32845045045045046
  ],
  "46": [
    0.3323240223463687,
    0.3338379888268157,
    0.3338379888268157
  ],
  "47": [
    0.3337594339622642,
    0.3337594339622642,
    0.3324811320754717
  ],
  "48": [
    0.3333333333333333,
    0.3376349206349206,
    0.329031746031746
  ],
  "49": [
    0.33157073170731705,
    0.3355365853658537,
    0.3328926829268293
  ],
  "50": [
    0.33291121495327103,
    0.3316448598130841,
    0.3354439252336449
  ],
  "51": [
    0.3301071428571429,
    0.3373660714285714,
    0.3325267857142857
  ],
  "52": [
    0.336247311827957,
    0.33139068100358426,
    0.33236200716845876
  ],
  "53": [
    0.33392182410423443,
    0.3312736156351792,
    0.3348045602605863
  ]
}