{
  "1": [
    0.33114035087719296,
    0.3333333333333333,
    0.3355263157894737
  ],
  "2": [
    0.33333333333333337,
    0.33333333333333337,
    0.33333333333333337
  ],
  "3": [
    0.3333333333333333,
    0.3333333333333333,
    0.3333333333333333
  ],
  "4": [
    0.33333333333333337,
    0.33333333333333337,
    0.33333333333333337
  ],
  "5": [
    0.33333333333333337,
    0.33333333333333337,
    0.33333333333333337
  ],
  "6": [
    0.3280423280423281,
    0.335978835978836,
    0.335978835978836
  ],
  "7": [
    0.3315018315018315,
    0.3315018315018315,
    0.3369963369963371
  ],
  "8": [
    0.33477011494252873,
    0.33477011494252873,
    0.33045977011494254
  ],
  "9": [
    0.3327566320645905,
    0.3310265282583622,
    0.3362168396770473
  ],
  "10": [
    0.3284313725490196,
    0.3357843137254902,
    0.3357843137254902
  ],
  "11": [
    0.32916666666666666,
    0.3416666666666667,
    0.32916666666666666
  ],
  "12": [
    0.3348909657320872,
    0.3348909657320872,
    0.3302180685358255
  ],
  "13": [
    0.3318452380952381,
    0.3318452380952381,
    0.33630952380952384
  ],
  "14": [
    0.3333333333333333,
    0.3313008130081301,
    0.3353658536585366
  ],
  "15": [
    0.33452380952380956,
    0.33630952380952384,
    0.32916666666666666
  ],
  "16": [
    0.33571428571428574,
    0.3261904761904762,
    0.3380952380952381
  ],
  "17": [
    0.33390216154721275,
    0.3304891922639363,
    0.335608646188851
  ],
  "18": [
    0.3324420677361854,
    0.3324420677361854,
    0.33511586452762926
  ],
  "19": [
    0.3313725490196079,
    0.3254901960784314,
    0.34313725490196084
  ],
  "20": [
    0.3315602836879432,
    0.3342198581560284,
    0.3342198581560284
  ],
  "21": [
    0.334077380952381,
    0.33630952380952384,
    0.3296130952380953
  ],
  "22": [
    0.33333333333333337,
    0.33333333333333337,
    0.33333333333333337
  ],
  "23": [
    0.33771929824561403,
    0.33771929824561403,
    0.32456140350877194
  ],
  "24": [
    0.33124346917450365,
    0.3375130616509927,
    0.33124346917450365
  ],
  "25": [
    0.33492063492063495,
    0.32857142857142857,
    0.33650793650793653
  ],
  "26": [
    0.3333333333333333,
    0.33137254901960783,
    0.33529411764705885
  ],
  "27": [
    0.3292433537832311,
    0.34151329243353784,
    0.3292433537832311
  ],
  "28": [
    0.3284313725490196,
    0.33333333333333337,
    0.3382352941176471
  ],
  "29": [
    0.3311827956989247,
    0.33440860215053764,
    0.33440860215053764
  ],
  "30": [
    0.3333333333333333,
    0.3315018315018315,
    0.33516483516483514
  ],
  "31": [
    0.3343313373253493,
    0.3343313373253493,
    0.33133732534930144
  ],
  "32": [
    0.3333333333333333,
    0.3333333333333333,
    0.3333333333333333
  ],
  "33": [
    0.3390804597701149,
    0.33045977011494254,
    0.33045977011494254
  ],
  "34": [
    0.3359957401490948,
    0.33439829605963795,
    0.32960596379126733
  ],
  "35": [
    0.33137254901960783,
    0.33333333333333337,
    0.33529411764705885
  ],
  "36": [
    0.3352059925093633,
    0.32958801498127344,
    0.3352059925093633
  ],
  "37": [
    0.3365079365079365,
    0.33174603174603173,
    0.33174603174603173
  ],
  "38": [
    0.33205128205128204,
    0.33397435897435895,
    0.33397435897435895
  ],
  "39": [
    0.33469945355191255,
    0.3306010928961749,
    0.33469945355191255
  ],
  "40": [
    0.3319209039548022,
    0.33333333333333337,
    0.3347457627118644
  ],
  "41": [
    0.33434959349593496,
    0.3282520325203252,
    0.33739837398373984
  ],
  "42": [
    0.33279569892473115,
    0.3360215053763441,
    0.3311827956989247
  ],
  "43": [
    0.33333333333333337,
    0.33333333333333337,
    0.33333333333333337
  ],
  "44": [
    0.33727477477477474,
    0.3338963963963964,
    0.3288288288288288
  ],
  "45": [
    0.33783783783783783,
    0.33783783783783783,
    0.32432432432432434
  ],
  "46": [
    0.33147113594040967,
    0.33426443202979517,
    0.33426443202979517
  ],
  "47": [
    0.3341194968553459,
    0.3341194968553459,
    0.33176100628930816
  ],
  "48": [
    0.33333333333333337,
    0.3412698412698413,
    0.3253968253968254
  ],
  "49": [
    0.3300813008130081,
    0.33739837398373984,
    0.33252032520325203
  ],
  "50": [
    0.3325545171339564,
    0.3302180685358255,
    0.3372274143302181
  ],
  "51": [
    0.3273809523809524,
    0.34077380952380953,
    0.3318452380952381
  ],
  "52": [
    0.33870967741935487,
    0.3297491039426524,
    0.33154121863799285
  ],
  "53": [
    0.3344191096634093,
    0.3295331161780673,
    0.3360477741585233
  ]
}