{
  "1": [
    0.33289473684210524,
    0.3333333333333333,
    0.3337719298245614
  ],
  "2": [
    0.3333333333333333,
    0.3333333333333333,
    0.3333333333333333
  ],
  "3": [
    0.3333333333333333,
    0.3333333333333333,
    0.3333333333333333
  ],
  "4": [
    0.3333333333333333,
    0.3333333333333333,
    0.3333333333333333
  ],
  "5": [
    0.3333333333333333,
    0.3333333333333333,
    0.3333333333333333
  ],
  "6": [
    0.3322751322751323,
    0.33386243386243386,
    0.33386243386243386
  ],
  "7": [
    0.33296703296703295,
    0.33296703296703295,
    0.33406593406593404
  ],
  "8": [
    0.3336206896551724,
    0.3336206896551724,
    0.33275862068965517
  ],
  "9": [
    0.3332179930795848,
    0.3328719723183391,
    0.33391003460207613
  ],
  "10": [
    0.3323529411764706,
    0.3338235294117647,
    0.3338235294117647
  ],
  "11": [
    0.33249999999999996,
    0.33499999999999996,
    0.33249999999999996
  ],
  "12": [
    0.3336448598130841,
    0.3336448598130841,
    0.33271028037383177
  ],
  "13": [
    0.33303571428571427,
    0.33303571428571427,
    0.3339285714285714
  ],
  "14": [
    0.3333333333333333,
    0.33292682926829265,
    0.333739837398374
  ],
  "15": [
    0.3335714285714286,
    0.3339285714285714,
    0.33249999999999996
  ],
  "16": [
    0.3338095238095238,
    0.33190476190476187,
    0.3342857142857143
  ],
  "17": [
    0.3334470989761092,
    0.33276450511945393,
    0.3337883959044369
  ],
  "18": [
    0.3331550802139037,
    0.3331550802139037,
    0.3336898395721925
  ],
  "19": [
    0.33294117647058824,
    0.3317647058823529,
    0.3352941176470588
  ],
  "20": [
    0.33297872340425533,
    0.33351063829787236,
    0.33351063829787236
  ],
  "21": [
    0.3334821428571429,
    0.33392857142857146,
    0.33258928571428575
  ],
  "22": [
    0.3333333333333333,
    0.3333333333333333,
    0.3333333333333333
  ],
  "23": [
    0.33421052631578946,
    0.33421052631578946,
    0.33157894736842103
  ],
  "24": [
    0.3329153605015674,
    0.3341692789968652,
    0.3329153605015674
  ],
  "25": [
    0.33365079365079364,
    0.33238095238095233,
    0.33396825396825397
  ],
  "26": [
    0.3333333333333333,
    0.33294117647058824,
    0.33372549019607844
  ],
  "27": [
    0.3325153374233129,
    0.33496932515337424,
    0.3325153374233129
  ],
  "28": [
    0.3323529411764706,
    0.3333333333333333,
    0.33431372549019606
  ],
  "29": [
    0.3329032258064516,
    0.3335483870967742,
    0.3335483870967742
  ],
  "30": [
    0.3333333333333333,
    0.33296703296703295,
    0.3336996336996337
  ],
  "31": [
    0.3335329341317365,
    0.3335329341317365,
    0.3329341317365269
  ],
  "32": [
    0.3333333333333333,
    0.3333333333333333,
    0.3333333333333333
  ],
  "33": [
    0.33448275862068966,
    0.33275862068965517,
    0.33275862068965517
  ],
  "34": [
    0.33386581469648563,
    0.3335463258785943,
    0.33258785942492014
  ],
  "35": [
    0.33294117647058824,
    0.3333333333333333,
    0.33372549019607844
  ],
  "36": [
    0.33370786516853934,
    0.3325842696629214,
    0.33370786516853934
  ],
  "37": [
    0.33396825396825397,
    0.333015873015873,
    0.333015873015873
  ],
  "38": [
    0.33307692307692305,
    0.3334615384615384,
    0.3334615384615384
  ],
  "39": [
    0.3336065573770492,
    0.33278688524590166,
    0.3336065573770492
  ],
  "40": [
    0.3330508474576271,
    0.3333333333333333,
    0.33361581920903954
  ],
  "41": [
    0.3335365853658537,
    0.3323170731707317,
    0.33414634146341465
  ],
  "42": [
    0.3332258064516129,
    0.33387096774193553,
    0.33290322580645165
  ],
  "43": [
    0.3333333333333333,
    0.3333333333333333,
    0.3333333333333333
  ],
  "44": [
    0.3341216216216216,
    0.33344594594594595,
    0.3324324324324324
  ],
  "45": [
    0.3342342342342342,
    0.3342342342342342,
    0.33153153153153153
  ],
  "46": [
    0.3329608938547486,
    0.3335195530726257,
    0.3335195530726257
  ],
  "47": [
    0.33349056603773586,
    0.33349056603773586,
    0.3330188679245283
  ],
  "48": [
    0.3333333333333333,
    0.3349206349206349,
    0.33174603174603173
  ],
  "49": [
    0.3326829268292683,
    0.33414634146341465,
    0.3331707317073171
  ],
  "50": [
    0.33317757009345794,
    0.33271028037383177,
    0.3341121495327103
  ],
  "51": [
    0.33214285714285713,
    0.33482142857142855,
    0.33303571428571427
  ],
  "52": [
    0.33440860215053764,
    0.3326164874551972,
    0.33297491039426524
  ],
  "53": [
    0.3335504885993485,
    0.33257328990228013,
    0.3338762214983713
  ]
}