{
  "1": [
    0.3308353825,
    0.3333333333333333,
    0.3358312841666667
  ],
  "2": [
    0.3333333333333333,
    0.3333333333333333,
    0.3333333333333333
  ],
  "3": [
    0.3333333333333333,
    0.3333333333333333,
    0.3333333333333333
  ],
  "4": [
    0.3333333333333333,
    0.3333333333333333,
    0.3333333333333333
  ],
  "5": [
    0.3333333333333333,
    0.3333333333333333,
    0.3333333333333333
  ],
  "6": [
    0.32730653132275134,
    0.3363467343386244,
    0.3363467343386244
  ],
  "7": [
    0.33124713263736266,
    0.33124713263736266,
    0.3375057347252747
  ],
  "8": [
    0.3349699218103448,
    0.3349699218103448,
    0.33006015637931047
  ],
  "9": [
    0.33267643276816605,
    0.3307057310726644,
    0.33661783615916957
  ],
  "10": [
    0.3277496785294118,
    0.33612516073529414,
    0.33612516073529414
  ],
  "11": [
    0.32858722675,
    0.3428255465000001,
    0.32858722675
  ],
  "12": [
    0.33510757878504677,
    0.33510757878504677,
    0.3297848424299065
  ],
  "13": [
    0.33163829526785715,
    0.33163829526785715,
    0.33672340946428575
  ],
  "14": [
    0.33333333333333337,
    0.33101815939024387,
    0.33564850727642287
  ],
  "15": [
    0.3346893637857144,
    0.33672340946428575,
    0.3285872267499999
  ],
  "16": [
    0.3360453942380952,
    0.3251971506190475,
    0.3387574551428573
  ],
  "17": [
    0.3339812659726961,
    0.3300936701365189,
    0.335925063890785
  ],
  "18": [
    0.3323181233689839,
    0.3323181233689839,
    0.33536375326203216
  ],
  "19": [
    0.3310998714117649,
    0.3243994856470587,
    0.34450064294117644
  ],
  "20": [
    0.33131371351063843,
    0.3343431432446808,
    0.3343431432446808
  ],
  "21": [
    0.3341808523660715,
    0.33672340946428575,
    0.3290957381696429
  ],
  "22": [
    0.3333333333333333,
    0.3333333333333333,
    0.3333333333333333
  ],
  "23": [
    0.338329235,
    0.338329235,
    0.32334153
  ],
  "24": [
    0.3309528410031348,
    0.3380943179937304,
    0.3309528410031348
  ],
  "25": [
    0.33514137393650795,
    0.3279092115238094,
    0.33694941453968263
  ],
  "26": [
    0.33333333333333326,
    0.33109987141176483,
    0.3355667952549019
  ],
  "27": [
    0.32867457840490794,
    0.34265084319018413,
    0.32867457840490794
  ],
  "28": [
    0.32774967852941184,
    0.33333333333333337,
    0.3389169881372549
  ],
  "29": [
    0.33088372993548376,
    0.3345581350322581,
    0.3345581350322581
  ],
  "30": [
    0.3333333333333333,
    0.3312471326373626,
    0.335419534029304
  ],
  "31": [
    0.33447012532934134,
    0.33447012532934134,
    0.33105974934131727
  ],
  "32": [
    0.3333333333333333,
    0.3333333333333333,
    0.3333333333333333
  ],
  "33": [
    0.33987968724137935,
    0.33006015637931035,
    0.33006015637931035
  ],
  "34": [
    0.3363659892971246,
    0.3345463957188499,
    0.32908761498402544
  ],
  "35": [
    0.33109987141176483,
    0.33333333333333326,
    0.3355667952549019
  ],
  "36": [
    0.33546641494382023,
    0.32906717011235964,
    0.33546641494382023
  ],
  "37": [
    0.3369494145396827,
    0.3315252927301586,
    0.3315252927301586
  ],
  "38": [
    0.3318729928461539,
    0.33406350357692305,
    0.33406350357692305
  ],
  "39": [
    0.33488943385245906,
    0.33022113229508193,
    0.33488943385245906
  ],
  "40": [
    0.33172448364406776,
    0.3333333333333333,
    0.3349421830225989
  ],
  "41": [
    0.3344909203048781,
    0.32754539847560976,
    0.3379636812195122
  ],
  "42": [
    0.3327209324838709,
    0.3363953375806452,
    0.3308837299354839
  ],
  "43": [
    0.3333333333333333,
    0.3333333333333333,
    0.3333333333333333
  ],
  "44": [
    0.33782289361486484,
    0.3339746990878379,
    0.3282024072972972
  ],
  "45": [
    0.3384642593693693,
    0.3384642593693693,
    0.32307148126126134
  ],
  "46": [
    0.3312121683798883,
    0.3343939158100559,
    0.3343939158100559
  ],
  "47": [
    0.3342288251415095,
    0.3342288251415095,
    0.33154234971698104
  ],
  "48": [
    0.33333333333333337,
    0.34237353634920636,
    0.3242931303174603
  ],
  "49": [
    0.3296290550243902,
    0.3379636812195122,
    0.3324072637560976
  ],
  "50": [
    0.33244621060747664,
    0.3297848424299066,
    0.33776894696261694
  ],
  "51": [
    0.32655318107142867,
    0.3418085236607142,
    0.3316382952678571
  ],
  "52": [
    0.33945734182795684,
    0.32925066100358424,
    0.3312919971684589
  ],
  "53": [
    0.3345701037785015,
    0.3290046367752444,
    0.33642525944625407
  ]
}