{
  "1": [
    0.32898163377192985,
    0.3333333333333333,
    0.33768503289473684
  ],
  "2": [
    0.33333333333333337,
    0.33333333333333337,
    0.33333333333333337
  ],
  "3": [
    0.3333333333333333,
    0.3333333333333333,
    0.3333333333333333
  ],
  "4": [
    0.33333333333333337,
    0.33333333333333337,
    0.33333333333333337
  ],
  "5": [
    0.33333333333333337,
    0.33333333333333337,
    0.33333333333333337
  ],
  "6": [
    0.3228339947089947,
    0.3385830026455027,
    0.3385830026455027
  ],
  "7": [
    0.32969894688644685,
    0.32969894688644685,
    0.34060210622710624
  ],
  "8": [
    0.33618444683908044,
    0.33618444683908044,
    0.3276311063218391
  ],
  "9": [
    0.3321889417531718,
    0.3287557670126875,
    0.3390552912341408
  ],
  "10": [
    0.3236060049019608,
    0.33819699754901966,
    0.33819699754901966
  ],
  "11": [
    0.3250651041666667,
    0.34986979166666665,
    0.3250651041666667
  ],
  "12": [
    0.3364242601246106,
    0.3364242601246106,
    0.32715147975077885
  ],
  "13": [
    0.33038039434523814,
    0.33038039434523814,
    0.33923921130952384
  ],
  "14": [
    0.3333333333333333,
    0.32930005081300817,
    0.33736661585365857
  ],
  "15": [
    0.33569568452380955,
    0.33923921130952384,
    0.3250651041666667
  ],
  "16": [
    0.3380580357142857,
    0.31915922619047615,
    0.34278273809523807
  ],
  "17": [
    0.33446210182025027,
    0.32768949089874866,
    0.3378484072810012
  ],
  "18": [
    0.33156472816399285,
    0.33156472816399285,
    0.33687054367201424
  ],
  "19": [
    0.32944240196078434,
    0.31776960784313724,
    0.3527879901960784
  ],
  "20": [
    0.3298149379432624,
    0.3350925310283688,
    0.3350925310283688
  ],
  "21": [
    0.334809802827381,
    0.33923921130952384,
    0.3259509858630953
  ],
  "22": [
    0.33333333333333337,
    0.33333333333333337,
    0.33333333333333337
  ],
  "23": [
    0.3420367324561404,
    0.3420367324561404,
    0.3159265350877193
  ],
  "24": [
    0.3291862591431557,
    0.3416274817136886,
    0.3291862591431557
  ],
  "25": [
    0.3364831349206349,
    0.3238839285714286,
    0.3396329365079365
  ],
  "26": [
    0.3333333333333333,
    0.32944240196078434,
    0.3372242647058824
  ],
  "27": [
    0.3252172801635992,
    0.3495654396728016,
    0.3252172801635992
  ],
  "28": [
    0.3236060049019608,
    0.33333333333333337,
    0.34306066176470595
  ],
  "29": [
    0.3290658602150538,
    0.3354670698924731,
    0.3354670698924731
  ],
  "30": [
    0.33333333333333337,
    0.3296989468864469,
    0.3369677197802198
  ],
  "31": [
    0.33531374750499,
    0.33531374750499,
    0.32937250499002
  ],
  "32": [
    0.3333333333333333,
    0.3333333333333333,
    0.3333333333333333
  ],
  "33": [
    0.3447377873563219,
    0.32763110632183906,
    0.32763110632183906
  ],
  "34": [
    0.33861654685835996,
    0.33544661874334397,
    0.32593683439829607
  ],
  "35": [
    0.32944240196078434,
    0.33333333333333337,
    0.3372242647058824
  ],
  "36": [
    0.3370493913857678,
    0.32590121722846443,
    0.3370493913857678
  ],
  "37": [
    0.33963293650793647,
    0.33018353174603177,
    0.33018353174603177
  ],
  "38": [
    0.33078926282051285,
    0.3346053685897436,
    0.3346053685897436
  ],
  "39": [
    0.3360442281420765,
    0.32791154371584696,
    0.3360442281420765
  ],
  "40": [
    0.33053054378531077,
    0.33333333333333337,
    0.33613612288135597
  ],
  "41": [
    0.3353499745934959,
    0.3232501270325203,
    0.34139989837398377
  ],
  "42": [
    0.33226646505376345,
    0.3386676747311828,
    0.3290658602150538
  ],
  "43": [
    0.33333333333333337,
    0.33333333333333337,
    0.33333333333333337
  ],
  "44": [
    0.3411546311936937,
    0.3344506615990991,
    0.3243947072072072
  ],
  "45": [
    0.3422719594594595,
    0.3422719594594595,
    0.31545608108108103
  ],
  "46": [
    0.3296380353817505,
    0.33518098230912474,
    0.33518098230912474
  ],
  "47": [
    0.3348933765723271,
    0.3348933765723271,
    0.3302132468553459
  ],
  "48": [
    0.33333333333333337,
    0.3490823412698413,
    0.31758432539682546
  ],
  "49": [
    0.32688008130081303,
    0.3413998983739837,
    0.3317200203252033
  ],
  "50": [
    0.3317878699376947,
    0.32715147975077885,
    0.34106065031152655
  ],
  "51": [
    0.32152157738095244,
    0.34809802827380953,
    0.33038039434523814
  ],
  "52": [
    0.34400201612903225,
    0.3262208781362007,
    0.32977710573476704
  ],
  "53": [
    0.3354879207383279,
    0.3257922774158523,
    0.33871980184581973
  ]
}