{
  "1": [
    0.32894736842105265,
    0.3333333333333333,
    0.33771929824561403
  ],
  "2": [
    0.33333333333333337,
    0.33333333333333337,
    0.33333333333333337
  ],
  "3": [
    0.3333333333333333,
    0.3333333333333333,
    0.3333333333333333
  ],
  "4": [
    0.33333333333333337,
    0.33333333333333337,
    0.33333333333333337
  ],
  "5": [
    0.33333333333333337,
    0.33333333333333337,
    0.33333333333333337
  ],
  "6": [
    0.32275132275132273,
    0.3386243386243386,
    0.3386243386243386
  ],
  "7": [
    0.32967032967032966,
    0.32967032967032966,
    0.3406593406593407
  ],
  "8": [
    0.33620689655172414,
    0.33620689655172414,
    0.32758620689655177
  ],
  "9": [
    0.33217993079584773,
    0.32871972318339104,
    0.3391003460207613
  ],
  "10": [
    0.3235294117647059,
    0.3382352941176471,
    0.3382352941176471
  ],
  "11": [
    0.325,
    0.35,
    0.325
  ],
  "12": [
    0.3364485981308411,
    0.3364485981308411,
    0.32710280373831774
  ],
  "13": [
    0.33035714285714285,
    0.33035714285714285,
    0.33928571428571436
  ],
  "14": [
    0.3333333333333333,
    0.32926829268292684,
    0.3373983739837399
  ],
  "15": [
    0.33571428571428574,
    0.3392857142857143,
    0.325
  ],
  "16": [
    0.3380952380952381,
    0.319047619047619,
    0.34285714285714286
  ],
  "17": [
    0.3344709897610922,
    0.3276450511945393,
    0.33788395904436863
  ],
  "18": [
    0.3315508021390374,
    0.3315508021390374,
    0.3368983957219251
  ],
  "19": [
    0.3294117647058824,
    0.31764705882352945,
    0.35294117647058826
  ],
  "20": [
    0.32978723404255317,
    0.3351063829787234,
    0.3351063829787234
  ],
  "21": [
    0.33482142857142855,
    0.33928571428571425,
    0.32589285714285715
  ],
  "22": [
    0.33333333333333337,
    0.33333333333333337,
    0.33333333333333337
  ],
  "23": [
    0.34210526315789475,
    0.34210526315789475,
    0.31578947368421056
  ],
  "24": [
    0.329153605015674,
    0.34169278996865204,
    0.329153605015674
  ],
  "25": [
    0.33650793650793653,
    0.3238095238095238,
    0.3396825396825397
  ],
  "26": [
    0.3333333333333333,
    0.32941176470588235,
    0.33725490196078434
  ],
  "27": [
    0.32515337423312884,
    0.34969325153374237,
    0.32515337423312884
  ],
  "28": [
    0.32352941176470584,
    0.3333333333333333,
    0.3431372549019608
  ],
  "29": [
    0.32903225806451614,
    0.33548387096774196,
    0.33548387096774196
  ],
  "30": [
    0.3333333333333333,
    0.32967032967032966,
    0.33699633699633696
  ],
  "31": [
    0.33532934131736525,
    0.33532934131736525,
    0.3293413173652695
  ],
  "32": [
    0.3333333333333333,
    0.3333333333333333,
    0.3333333333333333
  ],
  "33": [
    0.3448275862068966,
    0.3275862068965517,
    0.3275862068965517
  ],
  "34": [
    0.3386581469648562,
    0.33546325878594246,
    0.32587859424920124
  ],
  "35": [
    0.32941176470588235,
    0.33333333333333337,
    0.33725490196078434
  ],
  "36": [
    0.33707865168539325,
    0.3258426966292135,
    0.33707865168539325
  ],
  "37": [
    0.33968253968253964,
    0.33015873015873015,
    0.33015873015873015
  ],
  "38": [
    0.33076923076923076,
    0.3346153846153846,
    0.3346153846153846
  ],
  "39": [
    0.33606557377049184,
    0.3278688524590164,
    0.33606557377049184
  ],
  "40": [
    0.3305084745762712,
    0.33333333333333337,
    0.3361581920903955
  ],
  "41": [
    0.3353658536585366,
    0.3231707317073171,
    0.34146341463414637
  ],
  "42": [
    0.33225806451612905,
    0.33870967741935487,
    0.32903225806451614
  ],
  "43": [
    0.33333333333333337,
    0.33333333333333337,
    0.33333333333333337
  ],
  "44": [
    0.34121621621621623,
    0.3344594594594595,
    0.32432432432432434
  ],
  "45": [
    0.3423423423423424,
    0.3423423423423424,
    0.3153153153153153
  ],
  "46": [
    0.3296089385474861,
    0.33519553072625696,
    0.33519553072625696
  ],
  "47": [
    0.3349056603773585,
    0.3349056603773585,
    0.33018867924528306
  ],
  "48": [
    0.33333333333333337,
    0.34920634920634924,
    0.3174603174603175
  ],
  "49": [
    0.32682926829268294,
    0.3414634146341463,
    0.33170731707317075
  ],
  "50": [
    0.3317757009345795,
    0.32710280373831774,
    0.34112149532710284
  ],
  "51": [
    0.32142857142857145,
    0.34821428571428575,
    0.33035714285714285
  ],
  "52": [
    0.3440860215053763,
    0.32616487455197135,
    0.32974910394265233
  ],
  "53": [
    0.3355048859934853,
    0.3257328990228013,
    0.33876221498371334
  ]
}