{
  "1": [
    0.32894736842105265,
    0.3333333333333333,
    0.33771929824561403
  ],
  "2": [
    0.33333333333333337,
    0.33333333333333337,
    0.33333333333333337
  ],
  "3": [
    0.3333333333333333,
    0.3333333333333333,
    0.3333333333333333
  ],
  "4": [
    0.33333333333333337,
    0.33333333333333337,
    0.33333333333333337
  ],
  "5": [
    0.33333333333333337,
    0.33333333333333337,
    0.33333333333333337
  ]
}