{
  "1": [
    0.3289645010964913,
    0.33333333333333337,
    0.33770216557017546
  ],
  "2": [
    0.33333333333333337,
    0.33333333333333337,
    0.33333333333333337
  ],
  "3": [
    0.3333333333333333,
    0.3333333333333333,
    0.3333333333333333
  ],
  "4": [
    0.33333333333333337,
    0.33333333333333337,
    0.33333333333333337
  ],
  "5": [
    0.33333333333333337,
    0.33333333333333337,
    0.33333333333333337
  ],
  "6": [
    0.3227926587301587,
    0.33860367063492064,
    0.33860367063492064
  ],
  "7": [
    0.3296846382783883,
    0.3296846382783883,
    0.3406307234432235
  ],
  "8": [
    0.3361956716954023,
    0.3361956716954023,
    0.32760865660919547
  ],
  "9": [
    0.3321844362745098,
    0.32873774509803927,
    0.339077818627451
  ],
  "10": [
    0.32356770833333337,
    0.33821614583333337,
    0.33821614583333337
  ],
  "11": [
    0.32503255208333337,
    0.3499348958333333,
    0.32503255208333337
  ],
  "12": [
    0.33643642912772587,
    0.33643642912772587,
    0.32712714174454827
  ],
  "13": [
    0.33036876860119047,
    0.33036876860119047,
    0.33926246279761907
  ],
  "14": [
    0.3333333333333333,
    0.32928417174796754,
    0.3373824949186992
  ],
  "15": [
    0.33570498511904767,
    0.33926246279761907,
    0.32503255208333337
  ],
  "16": [
    0.338076636904762,
    0.3191034226190476,
    0.34281994047619047
  ],
  "17": [
    0.33446654579067125,
    0.32766727104664395,
    0.3378661831626849
  ],
  "18": [
    0.33155776515151514,
    0.33155776515151514,
    0.33688446969696967
  ],
  "19": [
    0.32942708333333337,
    0.3177083333333333,
    0.3528645833333333
  ],
  "20": [
    0.3298010859929078,
    0.3350994570035461,
    0.3350994570035461
  ],
  "21": [
    0.33481561569940477,
    0.33926246279761907,
    0.3259219215029762
  ],
  "22": [
    0.33333333333333337,
    0.33333333333333337,
    0.33333333333333337
  ],
  "23": [
    0.34207099780701755,
    0.34207099780701755,
    0.3158580043859649
  ],
  "24": [
    0.3291699320794148,
    0.34166013584117033,
    0.3291699320794148
  ],
  "25": [
    0.3364955357142857,
    0.32384672619047616,
    0.3396577380952381
  ],
  "26": [
    0.3333333333333333,
    0.32942708333333337,
    0.33723958333333337
  ],
  "27": [
    0.325185327198364,
    0.34962934560327197,
    0.325185327198364
  ],
  "28": [
    0.32356770833333337,
    0.33333333333333337,
    0.34309895833333337
  ],
  "29": [
    0.329049059139785,
    0.3354754704301075,
    0.3354754704301075
  ],
  "30": [
    0.33333333333333337,
    0.3296846382783883,
    0.3369820283882784
  ],
  "31": [
    0.3353215444111776,
    0.3353215444111776,
    0.32935691117764476
  ],
  "32": [
    0.3333333333333333,
    0.3333333333333333,
    0.3333333333333333
  ],
  "33": [
    0.3447826867816092,
    0.32760865660919536,
    0.32760865660919536
  ],
  "34": [
    0.33863734691160813,
    0.3354549387646433,
    0.3259077143237487
  ],
  "35": [
    0.32942708333333337,
    0.33333333333333337,
    0.33723958333333337
  ],
  "36": [
    0.3370640215355805,
    0.32587195692883897,
    0.3370640215355805
  ],
  "37": [
    0.3396577380952381,
    0.330171130952381,
    0.330171130952381
  ],
  "38": [
    0.3307792467948718,
    0.3346103766025641,
    0.3346103766025641
  ],
  "39": [
    0.3360549009562842,
    0.3278901980874317,
    0.3360549009562842
  ],
  "40": [
    0.330519509180791,
    0.33333333333333337,
    0.33614715748587576
  ],
  "41": [
    0.33535791412601623,
    0.32321042936991873,
    0.34143165650406504
  ],
  "42": [
    0.33226226478494625,
    0.33868867607526887,
    0.329049059139785
  ],
  "43": [
    0.33333333333333337,
    0.33333333333333337,
    0.33333333333333337
  ],
  "44": [
    0.34118542370495497,
    0.3344550605292793,
    0.32435951576576577
  ],
  "45": [
    0.3423071509009009,
    0.3423071509009009,
    0.31538569819819817
  ],
  "46": [
    0.3296234869646183,
    0.33518825651769085,
    0.33518825651769085
  ],
  "47": [
    0.3348995184748428,
    0.3348995184748428,
    0.3302009630503145
  ],
  "48": [
    0.33333333333333337,
    0.34914434523809523,
    0.3175223214285715
  ],
  "49": [
    0.326854674796748,
    0.34143165650406504,
    0.33171366869918706
  ],
  "50": [
    0.3317817854361371,
    0.32712714174454827,
    0.3410910728193147
  ],
  "51": [
    0.321475074404762,
    0.34815615699404767,
    0.33036876860119047
  ],
  "52": [
    0.34404401881720426,
    0.326192876344086,
    0.3297631048387097
  ],
  "53": [
    0.33549640336590664,
    0.32576258821932685,
    0.33874100841476656
  ]
}