{
  "1": [
    0.3292214912280702,
    0.3333333333333333,
    0.33744517543859653
  ],
  "2": [
    0.33333333333333337,
    0.33333333333333337,
    0.33333333333333337
  ],
  "3": [
    0.3333333333333333,
    0.3333333333333333,
    0.3333333333333333
  ],
  "4": [
    0.33333333333333337,
    0.33333333333333337,
    0.33333333333333337
  ],
  "5": [
    0.33333333333333337,
    0.33333333333333337,
    0.33333333333333337
  ],
  "6": [
    0.3234126984126984,
    0.3382936507936508,
    0.3382936507936508
  ],
  "7": [
    0.3298992673992674,
    0.3298992673992674,
    0.34020146520146527
  ],
  "8": [
    0.3360272988505747,
    0.3360272988505747,
    0.3279454022988506
  ],
  "9": [
    0.3322520184544406,
    0.3290080738177624,
    0.33873990772779705
  ],
  "10": [
    0.3241421568627451,
    0.33792892156862747,
    0.33792892156862747
  ],
  "11": [
    0.32552083333333337,
    0.3489583333333333,
    0.32552083333333337
  ],
  "12": [
    0.3362538940809969,
    0.3362538940809969,
    0.32749221183800625
  ],
  "13": [
    0.33054315476190477,
    0.33054315476190477,
    0.3389136904761906
  ],
  "14": [
    0.3333333333333333,
    0.3295223577235773,
    0.33714430894308944
  ],
  "15": [
    0.3355654761904762,
    0.33891369047619047,
    0.32552083333333337
  ],
  "16": [
    0.33779761904761907,
    0.3199404761904762,
    0.34226190476190477
  ],
  "17": [
    0.33439988623435724,
    0.32800056882821393,
    0.33759954493742894
  ],
  "18": [
    0.33166221033868093,
    0.33166221033868093,
    0.33667557932263814
  ],
  "19": [
    0.3296568627450981,
    0.31862745098039214,
    0.3517156862745098
  ],
  "20": [
    0.3300088652482269,
    0.33499556737588654,
    0.33499556737588654
  ],
  "21": [
    0.33472842261904756,
    0.33891369047619047,
    0.3263578869047619
  ],
  "22": [
    0.33333333333333337,
    0.33333333333333337,
    0.33333333333333337
  ],
  "23": [
    0.3415570175438597,
    0.3415570175438597,
    0.3168859649122807
  ],
  "24": [
    0.32941483803552774,
    0.34117032392894464,
    0.32941483803552774
  ],
  "25": [
    0.33630952380952384,
    0.32440476190476186,
    0.3392857142857143
  ],
  "26": [
    0.3333333333333333,
    0.32965686274509803,
    0.33700980392156865
  ],
  "27": [
    0.3256646216768916,
    0.3486707566462168,
    0.3256646216768916
  ],
  "28": [
    0.3241421568627451,
    0.33333333333333337,
    0.3425245098039216
  ],
  "29": [
    0.32930107526881724,
    0.3353494623655914,
    0.3353494623655914
  ],
  "30": [
    0.3333333333333333,
    0.3298992673992674,
    0.33676739926739924
  ],
  "31": [
    0.3352045908183633,
    0.3352045908183633,
    0.32959081836327353
  ],
  "32": [
    0.3333333333333333,
    0.3333333333333333,
    0.3333333333333333
  ],
  "33": [
    0.3441091954022989,
    0.32794540229885055,
    0.32794540229885055
  ],
  "34": [
    0.338325346112886,
    0.3353301384451544,
    0.3263445154419595
  ],
  "35": [
    0.32965686274509803,
    0.33333333333333337,
    0.33700980392156865
  ],
  "36": [
    0.3368445692883895,
    0.326310861423221,
    0.3368445692883895
  ],
  "37": [
    0.33928571428571425,
    0.33035714285714285,
    0.33035714285714285
  ],
  "38": [
    0.33092948717948717,
    0.3345352564102564,
    0.3345352564102564
  ],
  "39": [
    0.3358948087431694,
    0.3282103825136612,
    0.3358948087431694
  ],
  "40": [
    0.3306850282485876,
    0.33333333333333337,
    0.33598163841807915
  ],
  "41": [
    0.33523882113821135,
    0.32380589430894313,
    0.3409552845528455
  ],
  "42": [
    0.3323252688172043,
    0.3383736559139785,
    0.32930107526881724
  ],
  "43": [
    0.33333333333333337,
    0.33333333333333337,
    0.33333333333333337
  ],
  "44": [
    0.34072353603603606,
    0.33438907657657657,
    0.3248873873873874
  ],
  "45": [
    0.3417792792792793,
    0.3417792792792793,
    0.31644144144144143
  ],
  "46": [
    0.3298417132216015,
    0.33507914338919925,
    0.33507914338919925
  ],
  "47": [
    0.3348073899371069,
    0.3348073899371069,
    0.3303852201257862
  ],
  "48": [
    0.33333333333333337,
    0.3482142857142857,
    0.318452380952381
  ],
  "49": [
    0.3272357723577236,
    0.3409552845528455,
    0.3318089430894309
  ],
  "50": [
    0.3318730529595016,
    0.32749221183800625,
    0.3406347352024922
  ],
  "51": [
    0.32217261904761907,
    0.3472842261904763,
    0.33054315476190477
  ],
  "52": [
    0.34341397849462363,
    0.3266129032258065,
    0.3299731182795699
  ],
  "53": [
    0.3353691639522259,
    0.32620792616720956,
    0.3384229098805646
  ]
}