{
  "1": [
    0.33127825,
    0.3333333333333333,
    0.3353884166666667
  ],
  "2": [
    0.3333333333333333,
    0.3333333333333333,
    0.3333333333333333
  ],
  "3": [
    0.3333333333333333,
    0.3333333333333333,
    0.3333333333333333
  ],
  "4": [
    0.3333333333333333,
    0.3333333333333333,
    0.3333333333333333
  ],
  "5": [
    0.3333333333333333,
    0.3333333333333333,
    0.3333333333333333
  ],
  "6": [
    0.328375037037037,
    0.33581248148148146,
    0.33581248148148146
  ],
  "7": [
    0.33161700000000005,
    0.33161700000000005,
    0.33676599999999995
  ],
  "8": [
    0.33467976724137927,
    0.33467976724137927,
    0.33064046551724147
  ],
  "9": [
    0.3327928961937716,
    0.33117158477508657,
    0.3360355190311419
  ],
  "10": [
    0.3287396176470589,
    0.33563019117647064,
    0.33563019117647064
  ],
  "11": [
    0.329428675,
    0.34114265000000005,
    0.329428675
  ],
  "12": [
    0.33479301869158884,
    0.33479301869158884,
    0.33041396261682243
  ],
  "13": [
    0.3319388125,
    0.3319388125,
    0.33612237500000003
  ],
  "14": [
    0.33333333333333337,
    0.33142862195121947,
    0.33523804471544727
  ],
  "15": [
    0.3344489500000001,
    0.33612237500000003,
    0.3294286749999999
  ],
  "16": [
    0.33556456666666656,
    0.32663963333333323,
    0.33779580000000015
  ],
  "17": [
    0.33386639249146743,
    0.3306680375426622,
    0.33546556996587035
  ],
  "18": [
    0.33249811229946524,
    0.33249811229946524,
    0.33500377540106957
  ],
  "19": [
    0.3314958470588237,
    0.32598338823529405,
    0.34252076470588233
  ],
  "20": [
    0.3316717765957448,
    0.3341641117021276,
    0.3341641117021276
  ],
  "21": [
    0.33403059375,
    0.336122375,
    0.32984703125
  ],
  "22": [
    0.3333333333333333,
    0.3333333333333333,
    0.3333333333333333
  ],
  "23": [
    0.3374435,
    0.3374435,
    0.325113
  ],
  "24": [
    0.33137488401253923,
    0.3372502319749216,
    0.33137488401253923
  ],
  "25": [
    0.33482082222222226,
    0.32887086666666654,
    0.3363083111111112
  ],
  "26": [
    0.3333333333333333,
    0.3314958470588237,
    0.3351708196078431
  ],
  "27": [
    0.3295005398773006,
    0.3409989202453988,
    0.3295005398773006
  ],
  "28": [
    0.3287396176470589,
    0.33333333333333337,
    0.33792704901960785
  ],
  "29": [
    0.3313180258064516,
    0.3343409870967743,
    0.3343409870967743
  ],
  "30": [
    0.33333333333333337,
    0.33161700000000005,
    0.3350496666666667
  ],
  "31": [
    0.3342685808383234,
    0.3342685808383234,
    0.3314628383233532
  ],
  "32": [
    0.3333333333333333,
    0.3333333333333333,
    0.3333333333333333
  ],
  "33": [
    0.33871906896551723,
    0.33064046551724136,
    0.33064046551724136
  ],
  "34": [
    0.3358283226837061,
    0.3343313290734825,
    0.32984034824281144
  ],
  "35": [
    0.3314958470588237,
    0.3333333333333333,
    0.3351708196078431
  ],
  "36": [
    0.33508823595505616,
    0.3298235280898877,
    0.33508823595505616
  ],
  "37": [
    0.3363083111111112,
    0.33184584444444437,
    0.33184584444444437
  ],
  "38": [
    0.33213190000000004,
    0.33393405,
    0.33393405
  ],
  "39": [
    0.33461354918032793,
    0.33077290163934425,
    0.33461354918032793
  ],
  "40": [
    0.332009720338983,
    0.3333333333333333,
    0.3346569463276836
  ],
  "41": [
    0.33428568902439026,
    0.3285715548780488,
    0.33714275609756095
  ],
  "42": [
    0.33282950645161286,
    0.33585246774193556,
    0.3313180258064516
  ],
  "43": [
    0.3333333333333333,
    0.3333333333333333,
    0.3333333333333333
  ],
  "44": [
    0.33702692905405407,
    0.3338609898648649,
    0.32911208108108103
  ],
  "45": [
    0.33755458558558554,
    0.33755458558558554,
    0.32489082882882886
  ],
  "46": [
    0.3315882346368715,
    0.33420588268156426,
    0.33420588268156426
  ],
  "47": [
    0.3340700613207548,
    0.3340700613207548,
    0.3318598773584905
  ],
  "48": [
    0.33333333333333337,
    0.3407707777777778,
    0.32589588888888893
  ],
  "49": [
    0.33028579512195116,
    0.33714275609756095,
    0.3325714487804878
  ],
  "50": [
    0.3326034906542056,
    0.33041396261682243,
    0.33698254672897204
  ],
  "51": [
    0.32775525000000005,
    0.34030593749999993,
    0.33193881249999996
  ],
  "52": [
    0.3383716021505375,
    0.32997448745519714,
    0.3316539103942653
  ],
  "53": [
    0.3343508338762214,
    0.32977208143322484,
    0.3358770846905537
  ]
}