{
  "1": [
    0.32901589912280704,
    0.3333333333333333,
    0.3376507675438597
  ],
  "2": [
    0.33333333333333337,
    0.33333333333333337,
    0.33333333333333337
  ],
  "3": [
    0.3333333333333333,
    0.3333333333333333,
    0.3333333333333333
  ],
  "4": [
    0.33333333333333337,
    0.33333333333333337,
    0.33333333333333337
  ],
  "5": [
    0.33333333333333337,
    0.33333333333333337,
    0.33333333333333337
  ],
  "6": [
    0.3229166666666667,
    0.3385416666666667,
    0.3385416666666667
  ],
  "7": [
    0.3297275641025641,
    0.3297275641025641,
    0.3405448717948718
  ],
  "8": [
    0.3361619971264368,
    0.3361619971264368,
    0.3276760057471265
  ],
  "9": [
    0.33219795271049596,
    0.3287918108419839,
    0.33901023644752026
  ],
  "10": [
    0.32368259803921573,
    0.3381587009803922,
    0.3381587009803922
  ],
  "11": [
    0.3251302083333334,
    0.3497395833333333,
    0.3251302083333334
  ],
  "12": [
    0.33639992211838005,
    0.33639992211838005,
    0.3272001557632399
  ],
  "13": [
    0.33040364583333337,
    0.33040364583333337,
    0.33919270833333337
  ],
  "14": [
    0.3333333333333333,
    0.32933180894308944,
    0.3373348577235773
  ],
  "15": [
    0.33567708333333335,
    0.33919270833333337,
    0.3251302083333334
  ],
  "16": [
    0.3380208333333334,
    0.31927083333333334,
    0.34270833333333334
  ],
  "17": [
    0.3344532138794084,
    0.32773393060295797,
    0.33781285551763374
  ],
  "18": [
    0.33157865418894833,
    0.33157865418894833,
    0.3368426916221034
  ],
  "19": [
    0.32947303921568627,
    0.3178921568627451,
    0.3526348039215686
  ],
  "20": [
    0.3298426418439716,
    0.3350786790780142,
    0.3350786790780142
  ],
  "21": [
    0.3347981770833333,
    0.3391927083333333,
    0.32600911458333337
  ],
  "22": [
    0.33333333333333337,
    0.33333333333333337,
    0.33333333333333337
  ],
  "23": [
    0.341968201754386,
    0.341968201754386,
    0.31606359649122806
  ],
  "24": [
    0.32921891327063746,
    0.3415621734587252,
    0.32921891327063746
  ],
  "25": [
    0.3364583333333333,
    0.3239583333333333,
    0.33958333333333335
  ],
  "26": [
    0.3333333333333333,
    0.32947303921568627,
    0.3371936274509804
  ],
  "27": [
    0.32528118609406953,
    0.34943762781186094,
    0.32528118609406953
  ],
  "28": [
    0.32368259803921573,
    0.33333333333333337,
    0.342984068627451
  ],
  "29": [
    0.3290994623655914,
    0.3354502688172043,
    0.3354502688172043
  ],
  "30": [
    0.33333333333333337,
    0.32972756410256415,
    0.3369391025641026
  ],
  "31": [
    0.33529815369261473,
    0.33529815369261473,
    0.32940369261477054
  ],
  "32": [
    0.3333333333333333,
    0.3333333333333333,
    0.3333333333333333
  ],
  "33": [
    0.3446479885057472,
    0.3276760057471264,
    0.3276760057471264
  ],
  "34": [
    0.33857494675186367,
    0.3354299787007455,
    0.3259950745473909
  ],
  "35": [
    0.32947303921568627,
    0.33333333333333337,
    0.3371936274509804
  ],
  "36": [
    0.3370201310861423,
    0.32595973782771537,
    0.3370201310861423
  ],
  "37": [
    0.33958333333333335,
    0.3302083333333334,
    0.3302083333333334
  ],
  "38": [
    0.3308092948717949,
    0.33459535256410255,
    0.33459535256410255
  ],
  "39": [
    0.3360228825136612,
    0.32795423497267756,
    0.3360228825136612
  ],
  "40": [
    0.3305526129943503,
    0.33333333333333337,
    0.3361140536723164
  ],
  "41": [
    0.3353340955284553,
    0.3233295223577236,
    0.3413363821138211
  ],
  "42": [
    0.33227486559139785,
    0.33862567204301075,
    0.3290994623655914
  ],
  "43": [
    0.33333333333333337,
    0.33333333333333337,
    0.33333333333333337
  ],
  "44": [
    0.3410930461711712,
    0.33444186373873874,
    0.3244650900900901
  ],
  "45": [
    0.3422015765765766,
    0.3422015765765766,
    0.31559684684684686
  ],
  "46": [
    0.32966713221601496,
    0.3351664338919925,
    0.3351664338919925
  ],
  "47": [
    0.3348810927672956,
    0.3348810927672956,
    0.33023781446540884
  ],
  "48": [
    0.33333333333333337,
    0.34895833333333337,
    0.31770833333333337
  ],
  "49": [
    0.32693089430894307,
    0.3413363821138211,
    0.3317327235772358
  ],
  "50": [
    0.33180003894081,
    0.3272001557632399,
    0.3409998052959502
  ],
  "51": [
    0.32161458333333337,
    0.34798177083333337,
    0.33040364583333337
  ],
  "52": [
    0.34391801075268813,
    0.3262768817204301,
    0.32980510752688175
  ],
  "53": [
    0.33547095548317046,
    0.32585165580890335,
    0.3386773887079262
  ]
}