{
  "1": [
    0.33104516184210525,
    0.3333333333333333,
    0.33562150482456143
  ],
  "2": [
    0.3333333333333333,
    0.3333333333333333,
    0.3333333333333333
  ],
  "3": [
    0.3333333333333333,
    0.3333333333333333,
    0.3333333333333333
  ],
  "4": [
    0.3333333333333333,
    0.3333333333333333,
    0.3333333333333333
  ],
  "5": [
    0.3333333333333333,
    0.3333333333333333,
    0.3333333333333333
  ],
  "6": [
    0.3278126656084656,
    0.3360936671957672,
    0.3360936671957672
  ],
  "7": [
    0.331422332967033,
    0.331422332967033,
    0.337155334065934
  ],
  "8": [
    0.33483248017241374,
    0.33483248017241374,
    0.3303350396551725
  ],
  "9": [
    0.33273159965397925,
    0.33092639861591705,
    0.33634200173010387
  ],
  "10": [
    0.32821859705882356,
    0.33589070147058825,
    0.33589070147058825
  ],
  "11": [
    0.3289858075,
    0.34202838500000005,
    0.3289858075
  ],
  "12": [
    0.33495857663551404,
    0.33495857663551404,
    0.3300828467289719
  ],
  "13": [
    0.3317806455357143,
    0.3317806455357143,
    0.3364387089285715
  ],
  "14": [
    0.33333333333333337,
    0.3312125890243902,
    0.3354540776422765
  ],
  "15": [
    0.3345754835714287,
    0.3364387089285715,
    0.3289858074999999
  ],
  "16": [
    0.3358176338095238,
    0.32588043190476185,
    0.3383019342857145
  ],
  "17": [
    0.3339268522184299,
    0.3303657389078499,
    0.3357074088737202
  ],
  "18": [
    0.33240338128342245,
    0.33240338128342245,
    0.33519323743315516
  ],
  "19": [
    0.33128743882352957,
    0.32514975529411755,
    0.34356280588235294
  ],
  "20": [
    0.33148332234042566,
    0.33425833882978717,
    0.33425833882978717
  ],
  "21": [
    0.3341096772321429,
    0.3364387089285715,
    0.32945161383928573
  ],
  "22": [
    0.3333333333333333,
    0.3333333333333333,
    0.3333333333333333
  ],
  "23": [
    0.3379096763157895,
    0.3379096763157895,
    0.32418064736842106
  ],
  "24": [
    0.3311527561128527,
    0.33769448777429467,
    0.3311527561128527
  ],
  "25": [
    0.3349895336507937,
    0.3283647323809523,
    0.3366457339682541
  ],
  "26": [
    0.3333333333333333,
    0.33128743882352957,
    0.33537922784313723
  ],
  "27": [
    0.3290658233128834,
    0.34186835337423316,
    0.3290658233128834
  ],
  "28": [
    0.3282185970588236,
    0.33333333333333337,
    0.3384480696078431
  ],
  "29": [
    0.3310894490322579,
    0.33445527548387094,
    0.33445527548387094
  ],
  "30": [
    0.3333333333333333,
    0.33142233296703294,
    0.3352443336996337
  ],
  "31": [
    0.3343746568862276,
    0.3343746568862276,
    0.33125068622754483
  ],
  "32": [
    0.3333333333333333,
    0.3333333333333333,
    0.3333333333333333
  ],
  "33": [
    0.3393299206896552,
    0.3303350396551724,
    0.3303350396551724
  ],
  "34": [
    0.3361113051118211,
    0.3344445220447285,
    0.3294441728434504
  ],
  "35": [
    0.33128743882352957,
    0.3333333333333333,
    0.33537922784313723
  ],
  "36": [
    0.3352872775280899,
    0.3294254449438203,
    0.3352872775280899
  ],
  "37": [
    0.3366457339682541,
    0.3316771330158729,
    0.3316771330158729
  ],
  "38": [
    0.33199563307692315,
    0.3340021834615385,
    0.3340021834615385
  ],
  "39": [
    0.3347587516393443,
    0.33048249672131147,
    0.3347587516393443
  ],
  "40": [
    0.33185959576271185,
    0.3333333333333333,
    0.33480707090395484
  ],
  "41": [
    0.33439370548780495,
    0.32803147256097565,
    0.3375748219512195
  ],
  "42": [
    0.33277236225806445,
    0.3361381887096775,
    0.33108944903225807
  ],
  "43": [
    0.3333333333333333,
    0.3333333333333333,
    0.3333333333333333
  ],
  "44": [
    0.3374458577702703,
    0.3339208368243244,
    0.32863330540540536
  ],
  "45": [
    0.3380333612612612,
    0.3380333612612612,
    0.3239332774774775
  ],
  "46": [
    0.33139030502793293,
    0.3343048474860335,
    0.3343048474860335
  ],
  "47": [
    0.3341536212264152,
    0.3341536212264152,
    0.33169275754716976
  ],
  "48": [
    0.33333333333333337,
    0.3416143349206349,
    0.32505233174603176
  ],
  "49": [
    0.32994014243902436,
    0.3375748219512195,
    0.3324850356097561
  ],
  "50": [
    0.332520711682243,
    0.330082846728972,
    0.3373964415887851
  ],
  "51": [
    0.3271225821428572,
    0.3410967723214285,
    0.33178064553571424
  ],
  "52": [
    0.3389430440860214,
    0.3295935261648746,
    0.33146342974910403
  ],
  "53": [
    0.33446623908794776,
    0.3293681631921825,
    0.3361655977198697
  ]
}