{
  "1": [
    0.32949561403508776,
    0.3333333333333333,
    0.337171052631579
  ],
  "2": [
    0.33333333333333337,
    0.33333333333333337,
    0.33333333333333337
  ],
  "3": [
    0.3333333333333333,
    0.3333333333333333,
    0.3333333333333333
  ],
  "4": [
    0.33333333333333337,
    0.33333333333333337,
    0.33333333333333337
  ],
  "5": [
    0.33333333333333337,
    0.33333333333333337,
    0.33333333333333337
  ],
  "6": [
    0.32407407407407407,
    0.33796296296296297,
    0.33796296296296297
  ],
  "7": [
    0.3301282051282051,
    0.3301282051282051,
    0.3397435897435898
  ],
  "8": [
    0.3358477011494253,
    0.3358477011494253,
    0.3283045977011495
  ],
  "9": [
    0.3323241061130334,
    0.3292964244521338,
    0.33837946943483277
  ],
  "10": [
    0.3247549019607843,
    0.33762254901960786,
    0.33762254901960786
  ],
  "11": [
    0.3260416666666667,
    0.34791666666666665,
    0.3260416666666667
  ],
  "12": [
    0.33605919003115264,
    0.33605919003115264,
    0.3278816199376947
  ],
  "13": [
    0.33072916666666663,
    0.33072916666666663,
    0.33854166666666674
  ],
  "14": [
    0.3333333333333333,
    0.3297764227642277,
    0.33689024390243905
  ],
  "15": [
    0.3354166666666667,
    0.3385416666666667,
    0.3260416666666667
  ],
  "16": [
    0.3375,
    0.32083333333333336,
    0.3416666666666667
  ],
  "17": [
    0.33432878270762234,
    0.3283560864618885,
    0.33731513083048925
  ],
  "18": [
    0.33177361853832443,
    0.33177361853832443,
    0.33645276292335113
  ],
  "19": [
    0.3299019607843138,
    0.3196078431372549,
    0.35049019607843135
  ],
  "20": [
    0.3302304964539007,
    0.33488475177304966,
    0.33488475177304966
  ],
  "21": [
    0.33463541666666663,
    0.33854166666666663,
    0.3268229166666667
  ],
  "22": [
    0.33333333333333337,
    0.33333333333333337,
    0.33333333333333337
  ],
  "23": [
    0.3410087719298246,
    0.3410087719298246,
    0.3179824561403509
  ],
  "24": [
    0.32967607105538144,
    0.34064785788923724,
    0.32967607105538144
  ],
  "25": [
    0.33611111111111114,
    0.32499999999999996,
    0.3388888888888889
  ],
  "26": [
    0.3333333333333333,
    0.3299019607843137,
    0.33676470588235297
  ],
  "27": [
    0.32617586912065444,
    0.34764826175869123,
    0.32617586912065444
  ],
  "28": [
    0.3247549019607843,
    0.33333333333333337,
    0.34191176470588236
  ],
  "29": [
    0.3295698924731183,
    0.33521505376344085,
    0.33521505376344085
  ],
  "30": [
    0.3333333333333333,
    0.3301282051282051,
    0.3365384615384615
  ],
  "31": [
    0.3350798403193613,
    0.3350798403193613,
    0.3298403193612775
  ],
  "32": [
    0.3333333333333333,
    0.3333333333333333,
    0.3333333333333333
  ],
  "33": [
    0.34339080459770116,
    0.3283045977011494,
    0.3283045977011494
  ],
  "34": [
    0.3379925452609159,
    0.33519701810436636,
    0.3268104366347178
  ],
  "35": [
    0.3299019607843137,
    0.33333333333333337,
    0.33676470588235297
  ],
  "36": [
    0.33661048689138573,
    0.3267790262172285,
    0.33661048689138573
  ],
  "37": [
    0.33888888888888885,
    0.33055555555555555,
    0.33055555555555555
  ],
  "38": [
    0.3310897435897436,
    0.3344551282051282,
    0.3344551282051282
  ],
  "39": [
    0.33572404371584696,
    0.328551912568306,
    0.33572404371584696
  ],
  "40": [
    0.330861581920904,
    0.33333333333333337,
    0.33580508474576276
  ],
  "41": [
    0.33511178861788615,
    0.3244410569105691,
    0.3404471544715447
  ],
  "42": [
    0.3323924731182796,
    0.3380376344086022,
    0.3295698924731183
  ],
  "43": [
    0.33333333333333337,
    0.33333333333333337,
    0.33333333333333337
  ],
  "44": [
    0.3402308558558559,
    0.3343186936936937,
    0.32545045045045046
  ],
  "45": [
    0.34121621621621623,
    0.34121621621621623,
    0.31756756756756754
  ],
  "46": [
    0.330074487895717,
    0.33496275605214154,
    0.33496275605214154
  ],
  "47": [
    0.33470911949685533,
    0.33470911949685533,
    0.33058176100628933
  ],
  "48": [
    0.33333333333333337,
    0.3472222222222222,
    0.3194444444444445
  ],
  "49": [
    0.3276422764227642,
    0.3404471544715447,
    0.33191056910569106
  ],
  "50": [
    0.3319704049844237,
    0.3278816199376947,
    0.34014797507788164
  ],
  "51": [
    0.3229166666666667,
    0.34635416666666674,
    0.33072916666666663
  ],
  "52": [
    0.342741935483871,
    0.3270609318996416,
    0.3301971326164875
  ],
  "53": [
    0.3352334419109663,
    0.3266829533116178,
    0.33808360477741584
  ]
}