{
  "1": [
    0.33125252361338486,
    0.334387631788699,
    0.33435984459791623
  ],
  "2": [
    0.3333333333333333,
    0.3333333333333333,
    0.3333333333333333
  ],
  "3": [
    0.33334593649811717,
    0.3331973153835202,
    0.33345674811836273
  ],
  "4": [
    0.33708333333333335,
    0.32583333333333336,
    0.33708333333333335
  ],
  "5": [
    0.3329007314524556,
    0.3369916405433647,
    0.33010762800417975
  ]
}