{
  "1": [
    0.33153723684210523,
    0.3333333333333333,
    0.33512942982456145
  ],
  "2": [
    0.3333333333333333,
    0.3333333333333333,
    0.3333333333333333
  ],
  "3": [
    0.3333333333333333,
    0.3333333333333333,
    0.3333333333333333
  ],
  "4": [
    0.3333333333333333,
    0.3333333333333333,
    0.3333333333333333
  ],
  "5": [
    0.3333333333333333,
    0.3333333333333333,
    0.3333333333333333
  ],
  "6": [
    0.32899989417989417,
    0.3355000529100529,
    0.3355000529100529
  ],
  "7": [
    0.33183329670329675,
    0.33183329670329675,
    0.33633340659340655
  ],
  "8": [
    0.33451008620689654,
    0.33451008620689654,
    0.330979827586207
  ],
  "9": [
    0.3328610034602076,
    0.3314440138408305,
    0.335694982698962
  ],
  "10": [
    0.32931852941176476,
    0.3353407352941177,
    0.3353407352941177
  ],
  "11": [
    0.32992075,
    0.34015850000000003,
    0.32992075
  ],
  "12": [
    0.3346090654205608,
    0.3346090654205608,
    0.33078186915887847
  ],
  "13": [
    0.33211455357142855,
    0.33211455357142855,
    0.33577089285714284
  ],
  "14": [
    0.33333333333333337,
    0.33166865853658534,
    0.3349980081300814
  ],
  "15": [
    0.3343083571428572,
    0.3357708928571429,
    0.32992074999999993
  ],
  "16": [
    0.33528338095238086,
    0.3274831904761904,
    0.3372334285714287
  ],
  "17": [
    0.3337992150170648,
    0.3310039249146759,
    0.33519686006825944
  ],
  "18": [
    0.3326033689839572,
    0.3326033689839572,
    0.3347932620320856
  ],
  "19": [
    0.33172741176470605,
    0.32690964705882347,
    0.3413629411764706
  ],
  "20": [
    0.3318811702127661,
    0.33405941489361696,
    0.33405941489361696
  ],
  "21": [
    0.3339427232142857,
    0.33577089285714284,
    0.3302863839285714
  ],
  "22": [
    0.3333333333333333,
    0.3333333333333333,
    0.3333333333333333
  ],
  "23": [
    0.3369255263157895,
    0.3369255263157895,
    0.32614894736842104
  ],
  "24": [
    0.3316216927899687,
    0.33675661442006266,
    0.3316216927899687
  ],
  "25": [
    0.3346333650793651,
    0.329433238095238,
    0.3359333968253969
  ],
  "26": [
    0.3333333333333333,
    0.331727411764706,
    0.33493925490196075
  ],
  "27": [
    0.3299835582822086,
    0.3400328834355828,
    0.3299835582822086
  ],
  "28": [
    0.32931852941176476,
    0.33333333333333337,
    0.337348137254902
  ],
  "29": [
    0.331572,
    0.33421400000000007,
    0.33421400000000007
  ],
  "30": [
    0.33333333333333337,
    0.33183329670329675,
    0.33483336996337
  ],
  "31": [
    0.33415071856287426,
    0.33415071856287426,
    0.3316985628742514
  ],
  "32": [
    0.3333333333333333,
    0.3333333333333333,
    0.3333333333333333
  ],
  "33": [
    0.3380403448275862,
    0.3309798275862069,
    0.3309798275862069
  ],
  "34": [
    0.3355138977635783,
    0.33420555910543137,
    0.33028054313099037
  ],
  "35": [
    0.331727411764706,
    0.3333333333333333,
    0.33493925490196075
  ],
  "36": [
    0.33486707865168536,
    0.33026584269662923,
    0.33486707865168536
  ],
  "37": [
    0.3359333968253969,
    0.33203330158730154,
    0.33203330158730154
  ],
  "38": [
    0.33228330769230774,
    0.33385834615384613,
    0.33385834615384613
  ],
  "39": [
    0.33445221311475415,
    0.3310955737704918,
    0.33445221311475415
  ],
  "40": [
    0.3321765254237288,
    0.3333333333333333,
    0.33449014124293786
  ],
  "41": [
    0.33416567073170733,
    0.32917164634146345,
    0.33666268292682927
  ],
  "42": [
    0.33289299999999994,
    0.3355350000000001,
    0.331572
  ],
  "43": [
    0.3333333333333333,
    0.3333333333333333,
    0.3333333333333333
  ],
  "44": [
    0.33656145270270277,
    0.33379449324324334,
    0.32964405405405406
  ],
  "45": [
    0.33702261261261257,
    0.33702261261261257,
    0.3259547747747748
  ],
  "46": [
    0.331808156424581,
    0.3340959217877095,
    0.3340959217877095
  ],
  "47": [
    0.33397721698113214,
    0.33397721698113214,
    0.3320455660377358
  ],
  "48": [
    0.3333333333333333,
    0.33983349206349206,
    0.32683317460317457
  ],
  "49": [
    0.33066985365853657,
    0.33666268292682927,
    0.33266746341463416
  ],
  "50": [
    0.3326954672897196,
    0.33078186915887847,
    0.3365226635514019
  ],
  "51": [
    0.3284582142857143,
    0.3394272321428571,
    0.33211455357142855
  ],
  "52": [
    0.3377366666666666,
    0.3303977777777778,
    0.33186555555555564
  ],
  "53": [
    0.3342226058631921,
    0.33022087947882744,
    0.3355565146579804
  ]
}