{
  "1": [
    0.3300438596491228,
    0.3333333333333333,
    0.3366228070175439
  ],
  "2": [
    0.33333333333333337,
    0.33333333333333337,
    0.33333333333333337
  ],
  "3": [
    0.3333333333333333,
    0.3333333333333333,
    0.3333333333333333
  ],
  "4": [
    0.33333333333333337,
    0.33333333333333337,
    0.33333333333333337
  ],
  "5": [
    0.33333333333333337,
    0.33333333333333337,
    0.33333333333333337
  ],
  "6": [
    0.3253968253968254,
    0.3373015873015873,
    0.3373015873015873
  ],
  "7": [
    0.3305860805860806,
    0.3305860805860806,
    0.3388278388278389
  ],
  "8": [
    0.3354885057471264,
    0.3354885057471264,
    0.3290229885057472
  ],
  "9": [
    0.3324682814302191,
    0.3298731257208766,
    0.3376585928489043
  ],
  "10": [
    0.32598039215686275,
    0.33700980392156865,
    0.33700980392156865
  ],
  "11": [
    0.32708333333333334,
    0.3458333333333333,
    0.32708333333333334
  ],
  "12": [
    0.3356697819314642,
    0.3356697819314642,
    0.3286604361370717
  ],
  "13": [
    0.33110119047619047,
    0.33110119047619047,
    0.33779761904761907
  ],
  "14": [
    0.3333333333333333,
    0.3302845528455285,
    0.33638211382113825
  ],
  "15": [
    0.33511904761904765,
    0.33779761904761907,
    0.32708333333333334
  ],
  "16": [
    0.33690476190476193,
    0.32261904761904764,
    0.3404761904761905
  ],
  "17": [
    0.33418657565415244,
    0.3290671217292378,
    0.3367463026166098
  ],
  "18": [
    0.33199643493761144,
    0.33199643493761144,
    0.3360071301247772
  ],
  "19": [
    0.33039215686274515,
    0.32156862745098036,
    0.3480392156862745
  ],
  "20": [
    0.3306737588652482,
    0.3346631205673759,
    0.3346631205673759
  ],
  "21": [
    0.33444940476190477,
    0.33779761904761907,
    0.3277529761904762
  ],
  "22": [
    0.33333333333333337,
    0.33333333333333337,
    0.33333333333333337
  ],
  "23": [
    0.3399122807017544,
    0.3399122807017544,
    0.3201754385964912
  ],
  "24": [
    0.33019853709508884,
    0.3396029258098224,
    0.33019853709508884
  ],
  "25": [
    0.33571428571428574,
    0.32619047619047614,
    0.3380952380952381
  ],
  "26": [
    0.3333333333333333,
    0.3303921568627451,
    0.3362745098039216
  ],
  "27": [
    0.32719836400818,
    0.3456032719836401,
    0.32719836400818
  ],
  "28": [
    0.32598039215686275,
    0.33333333333333337,
    0.34068627450980393
  ],
  "29": [
    0.3301075268817204,
    0.3349462365591398,
    0.3349462365591398
  ],
  "30": [
    0.3333333333333333,
    0.3305860805860806,
    0.33608058608058605
  ],
  "31": [
    0.3348303393213573,
    0.3348303393213573,
    0.3303393213572855
  ],
  "32": [
    0.3333333333333333,
    0.3333333333333333,
    0.3333333333333333
  ],
  "33": [
    0.34195402298850575,
    0.3290229885057471,
    0.3290229885057471
  ],
  "34": [
    0.33732694355697546,
    0.3349307774227902,
    0.3277422790202343
  ],
  "35": [
    0.3303921568627451,
    0.33333333333333337,
    0.3362745098039216
  ],
  "36": [
    0.33614232209737827,
    0.32771535580524347,
    0.33614232209737827
  ],
  "37": [
    0.33809523809523806,
    0.33095238095238094,
    0.33095238095238094
  ],
  "38": [
    0.3314102564102564,
    0.3342948717948718,
    0.3342948717948718
  ],
  "39": [
    0.3353825136612022,
    0.32923497267759566,
    0.3353825136612022
  ],
  "40": [
    0.3312146892655367,
    0.33333333333333337,
    0.33545197740113
  ],
  "41": [
    0.33485772357723576,
    0.3257113821138211,
    0.33943089430894313
  ],
  "42": [
    0.3325268817204301,
    0.3373655913978495,
    0.3301075268817204
  ],
  "43": [
    0.33333333333333337,
    0.33333333333333337,
    0.33333333333333337
  ],
  "44": [
    0.3392454954954955,
    0.33417792792792794,
    0.32657657657657657
  ],
  "45": [
    0.3400900900900901,
    0.3400900900900901,
    0.31981981981981983
  ],
  "46": [
    0.33054003724394787,
    0.33472998137802606,
    0.33472998137802606
  ],
  "47": [
    0.3345125786163522,
    0.3345125786163522,
    0.3309748427672956
  ],
  "48": [
    0.33333333333333337,
    0.34523809523809523,
    0.32142857142857145
  ],
  "49": [
    0.32845528455284556,
    0.3394308943089431,
    0.3321138211382114
  ],
  "50": [
    0.33216510903426794,
    0.32866043613707163,
    0.3391744548286605
  ],
  "51": [
    0.3244047619047619,
    0.34449404761904767,
    0.33110119047619047
  ],
  "52": [
    0.3413978494623656,
    0.32795698924731187,
    0.3306451612903226
  ],
  "53": [
    0.3349619978284473,
    0.3276330076004343,
    0.33740499457111833
  ]
}