{
  "1": [
    0.32908442982456143,
    0.3333333333333333,
    0.3375822368421053
  ],
  "2": [
    0.33333333333333337,
    0.33333333333333337,
    0.33333333333333337
  ],
  "3": [
    0.3333333333333333,
    0.3333333333333333,
    0.3333333333333333
  ],
  "4": [
    0.33333333333333337,
    0.33333333333333337,
    0.33333333333333337
  ],
  "5": [
    0.33333333333333337,
    0.33333333333333337,
    0.33333333333333337
  ],
  "6": [
    0.3230820105820106,
    0.3384589947089947,
    0.3384589947089947
  ],
  "7": [
    0.32978479853479853,
    0.32978479853479853,
    0.340430402930403
  ],
  "8": [
    0.3361170977011494,
    0.3361170977011494,
    0.3277658045977012
  ],
  "9": [
    0.3322159746251442,
    0.32886389850057673,
    0.3389201268742792
  ],
  "10": [
    0.3238357843137255,
    0.3380821078431373,
    0.3380821078431373
  ],
  "11": [
    0.3252604166666667,
    0.3494791666666667,
    0.3252604166666667
  ],
  "12": [
    0.336351246105919,
    0.336351246105919,
    0.327297507788162
  ],
  "13": [
    0.33045014880952384,
    0.33045014880952384,
    0.33909970238095244
  ],
  "14": [
    0.3333333333333333,
    0.3293953252032521,
    0.33727134146341464
  ],
  "15": [
    0.33563988095238095,
    0.3390997023809524,
    0.3252604166666667
  ],
  "16": [
    0.33794642857142865,
    0.31949404761904765,
    0.3425595238095238
  ],
  "17": [
    0.3344354379977247,
    0.3278228100113766,
    0.3377417519908988
  ],
  "18": [
    0.3316065062388592,
    0.3316065062388592,
    0.33678698752228164
  ],
  "19": [
    0.32953431372549025,
    0.31813725490196076,
    0.352328431372549
  ],
  "20": [
    0.32989804964539005,
    0.335050975177305,
    0.335050975177305
  ],
  "21": [
    0.3347749255952381,
    0.3390997023809524,
    0.3261253720238096
  ],
  "22": [
    0.33333333333333337,
    0.33333333333333337,
    0.33333333333333337
  ],
  "23": [
    0.34183114035087725,
    0.34183114035087725,
    0.3163377192982456
  ],
  "24": [
    0.3292842215256009,
    0.34143155694879834,
    0.3292842215256009
  ],
  "25": [
    0.3364087301587302,
    0.3241071428571428,
    0.339484126984127
  ],
  "26": [
    0.3333333333333333,
    0.3295343137254902,
    0.3371323529411765
  ],
  "27": [
    0.3254089979550102,
    0.34918200408997957,
    0.3254089979550102
  ],
  "28": [
    0.3238357843137255,
    0.33333333333333337,
    0.34283088235294124
  ],
  "29": [
    0.3291666666666667,
    0.3354166666666667,
    0.3354166666666667
  ],
  "30": [
    0.3333333333333333,
    0.32978479853479853,
    0.3368818681318681
  ],
  "31": [
    0.33526696606786427,
    0.33526696606786427,
    0.3294660678642715
  ],
  "32": [
    0.3333333333333333,
    0.3333333333333333,
    0.3333333333333333
  ],
  "33": [
    0.3444683908045978,
    0.32776580459770116,
    0.32776580459770116
  ],
  "34": [
    0.3384917465388711,
    0.33539669861554844,
    0.3261115548455804
  ],
  "35": [
    0.3295343137254902,
    0.33333333333333337,
    0.3371323529411765
  ],
  "36": [
    0.3369616104868914,
    0.32607677902621723,
    0.3369616104868914
  ],
  "37": [
    0.33948412698412694,
    0.3302579365079365,
    0.3302579365079365
  ],
  "38": [
    0.330849358974359,
    0.3345753205128205,
    0.3345753205128205
  ],
  "39": [
    0.33598019125683065,
    0.3280396174863388,
    0.33598019125683065
  ],
  "40": [
    0.3305967514124294,
    0.33333333333333337,
    0.33606991525423735
  ],
  "41": [
    0.335302337398374,
    0.3234883130081301,
    0.3412093495934959
  ],
  "42": [
    0.33229166666666665,
    0.3385416666666667,
    0.3291666666666667
  ],
  "43": [
    0.33333333333333337,
    0.33333333333333337,
    0.33333333333333337
  ],
  "44": [
    0.34096987612612617,
    0.33442426801801806,
    0.3246058558558559
  ],
  "45": [
    0.34206081081081086,
    0.34206081081081086,
    0.3158783783783784
  ],
  "46": [
    0.32972532588454384,
    0.33513733705772814,
    0.33513733705772814
  ],
  "47": [
    0.33485652515723274,
    0.33485652515723274,
    0.3302869496855346
  ],
  "48": [
    0.33333333333333337,
    0.34871031746031744,
    0.31795634920634924
  ],
  "49": [
    0.32703252032520325,
    0.3412093495934959,
    0.33175813008130084
  ],
  "50": [
    0.33182437694704053,
    0.327297507788162,
    0.3408781152647975
  ],
  "51": [
    0.32180059523809523,
    0.34774925595238104,
    0.33045014880952384
  ],
  "52": [
    0.34375,
    0.32638888888888895,
    0.3298611111111111
  ],
  "53": [
    0.3354370249728556,
    0.3259704125950054,
    0.338592562432139
  ]
}