{
  "1": [
    0.3317335732456413,
    0.33393497549171686,
    0.33433145126264197
  ],
  "2": [
    0.3333333333333333,
    0.3333333333333333,
    0.3333333333333333
  ],
  "3": [
    0.33158366841942466,
    0.33494587070832044,
    0.33347046087225485
  ],
  "4": [
    0.3375,
    0.325,
    0.3375
  ],
  "5": [
    0.3328526645768025,
    0.3373981191222571,
    0.32974921630094045
  ]
}