{
  "1": [
    0.3313303962520464,
    0.3345426186098291,
    0.3341269851381246
  ],
  "2": [
    0.33125,
    0.33749999999999997,
    0.33125
  ],
  "3": [
    0.3344375723565022,
    0.3310251248287748,
    0.33453730281472316
  ],
  "4": [
    0.343375,
    0.31325000000000003,
    0.343375
  ],
  "5": [
    0.3314288401253918,
    0.3396561128526646,
    0.3289150470219436
  ]
}