round,n_clients,mean_test_acc
24,53,0.5952830188679246
49,53,0.6188679245283021
74,53,0.6216981132075472
99,53,0.6287735849056604
124,53,0.6391509433962267
149,53,0.6556603773584907
174,53,0.6405660377358492
199,53,0.6311320754716979
224,53,0.6429245283018867
249,53,0.6330188679245281
